"Motif","Feature","Min m/z","Max m/z","Probability"
"motif_236","fragment_39.0225","39.02","39.025","0.997"
"motif_152","loss_15.0225","15.02","15.025","0.997"
"motif_193","loss_16.0175","16.015","16.02","0.968"
"motif_87","fragment_41.0375","41.035","41.04","0.966"
"motif_12","fragment_91.0525","91.05","91.055","0.891"
"motif_147","loss_28.0175","28.015","28.02","0.887"
"motif_55","loss_26.0025","26.0","26.005","0.806"
"motif_161","fragment_67.0525","67.05","67.055","0.805"
"motif_93","fragment_104.0475","104.045","104.05","0.799"
"motif_262","loss_26.9875","26.985","26.99","0.793"
"motif_283","fragment_79.0525","79.05","79.055","0.788"
"motif_106","fragment_120.0425","120.04","120.045","0.776"
"motif_80","fragment_106.0675","106.065","106.07","0.775"
"motif_94","loss_31.0175","31.015","31.02","0.752"
"motif_47","fragment_63.0225","63.02","63.025","0.715"
"motif_181","loss_29.0025","29.0","29.005","0.703"
"motif_128","loss_30.0325","30.03","30.035","0.685"
"motif_231","fragment_81.0325","81.03","81.035","0.684"
"motif_115","fragment_55.0525","55.05","55.055","0.669"
"motif_16","fragment_56.0475","56.045","56.05","0.662"
"motif_168","fragment_65.0375","65.035","65.04","0.662"
"motif_244","fragment_54.0325","54.03","54.035","0.651"
"motif_126","fragment_107.0475","107.045","107.05","0.617"
"motif_92","fragment_53.0375","53.035","53.04","0.612"
"motif_143","fragment_43.0525","43.05","43.055","0.607"
"motif_118","fragment_40.0175","40.015","40.02","0.604"
"motif_258","fragment_44.0475","44.045","44.05","0.560"
"motif_254","fragment_75.0225","75.02","75.025","0.537"
"motif_133","fragment_80.0475","80.045","80.05","0.526"
"motif_250","loss_43.0175","43.015","43.02","0.488"
"motif_178","fragment_93.0675","93.065","93.07","0.464"
"motif_26","loss_77.0375","77.035","77.04","0.462"
"motif_246","loss_25.0075","25.005","25.01","0.459"
"motif_165","fragment_70.0675","70.065","70.07","0.456"
"motif_102","fragment_68.0475","68.045","68.05","0.446"
"motif_70","loss_35.0125","35.01","35.015","0.446"
"motif_33","loss_57.0325","57.03","57.035","0.435"
"motif_72","loss_26.9975","26.995","27.0","0.432"
"motif_141","fragment_116.0475","116.045","116.05","0.405"
"motif_37","loss_29.0375","29.035","29.04","0.394"
"motif_246","loss_27.0225","27.02","27.025","0.391"
"motif_216","loss_59.0125","59.01","59.015","0.391"
"motif_137","fragment_58.0675","58.065","58.07","0.381"
"motif_23","fragment_130.0675","130.065","130.07","0.359"
"motif_151","fragment_119.0625","119.06","119.065","0.350"
"motif_292","loss_47.0125","47.01","47.015","0.338"
"motif_209","fragment_84.0825","84.08","84.085","0.324"
"motif_115","fragment_57.0675","57.065","57.07","0.317"
"motif_22","loss_42.0325","42.03","42.035","0.316"
"motif_251","loss_40.0175","40.015","40.02","0.305"
"motif_52","fragment_29.0375","29.035","29.04","0.304"
"motif_159","loss_44.0125","44.01","44.015","0.297"
"motif_176","loss_67.0175","67.015","67.02","0.293"
"motif_292","loss_44.9975","44.995","45.0","0.286"
"motif_258","fragment_42.0325","42.03","42.035","0.283"
"motif_168","fragment_51.0225","51.02","51.025","0.282"
"motif_169","loss_72.0075","72.005","72.01","0.281"
"motif_118","fragment_42.0325","42.03","42.035","0.279"
"motif_76","fragment_120.0825","120.08","120.085","0.278"
"motif_279","fragment_91.0525","91.05","91.055","0.270"
"motif_92","fragment_51.0225","51.02","51.025","0.268"
"motif_211","fragment_157.0775","157.075","157.08","0.267"
"motif_281","fragment_81.0425","81.04","81.045","0.255"
"motif_133","fragment_82.0675","82.065","82.07","0.255"
"motif_227","loss_107.0525","107.05","107.055","0.253"
"motif_190","fragment_78.0325","78.03","78.035","0.246"
"motif_25","fragment_105.0675","105.065","105.07","0.245"
"motif_25","fragment_103.0525","103.05","103.055","0.244"
"motif_15","fragment_105.0325","105.03","105.035","0.244"
"motif_94","fragment_15.0225","15.02","15.025","0.244"
"motif_121","fragment_57.0675","57.065","57.07","0.238"
"motif_39","fragment_43.0175","43.015","43.02","0.236"
"motif_96","fragment_131.0625","131.06","131.065","0.234"
"motif_223","fragment_125.0175","125.015","125.02","0.233"
"motif_187","loss_43.0325","43.03","43.035","0.232"
"motif_244","fragment_52.0175","52.015","52.02","0.230"
"motif_242","loss_164.0725","164.07","164.075","0.230"
"motif_58","fragment_69.0675","69.065","69.07","0.225"
"motif_210","fragment_71.0875","71.085","71.09","0.223"
"motif_177","fragment_28.0175","28.015","28.02","0.218"
"motif_182","fragment_59.9925","59.99","59.995","0.216"
"motif_257","loss_177.0675","177.065","177.07","0.215"
"motif_61","fragment_53.0125","53.01","53.015","0.210"
"motif_0","fragment_95.0475","95.045","95.05","0.210"
"motif_212","loss_150.0575","150.055","150.06","0.210"
"motif_206","loss_18.9975","18.995","19.0","0.206"
"motif_145","fragment_92.0475","92.045","92.05","0.205"
"motif_141","fragment_118.0675","118.065","118.07","0.204"
"motif_72","loss_29.0125","29.01","29.015","0.200"
"motif_254","fragment_65.0375","65.035","65.04","0.195"
"motif_153","fragment_97.0125","97.01","97.015","0.194"
"motif_30","fragment_25.0075","25.005","25.01","0.190"
"motif_40","fragment_118.0675","118.065","118.07","0.186"
"motif_47","fragment_51.0225","51.02","51.025","0.185"
"motif_27","fragment_121.0625","121.06","121.065","0.184"
"motif_85","loss_42.9825","42.98","42.985","0.180"
"motif_44","fragment_134.0975","134.095","134.1","0.173"
"motif_138","loss_67.0325","67.03","67.035","0.172"
"motif_224","loss_69.0325","69.03","69.035","0.172"
"motif_6","fragment_137.0575","137.055","137.06","0.170"
"motif_293","loss_118.0275","118.025","118.03","0.170"
"motif_52","loss_45.0325","45.03","45.035","0.168"
"motif_157","fragment_144.0825","144.08","144.085","0.164"
"motif_272","loss_148.0425","148.04","148.045","0.164"
"motif_227","loss_119.0625","119.06","119.065","0.157"
"motif_210","fragment_69.0675","69.065","69.07","0.156"
"motif_260","fragment_104.0475","104.045","104.05","0.155"
"motif_228","fragment_96.0425","96.04","96.045","0.155"
"motif_225","fragment_99.0925","99.09","99.095","0.155"
"motif_280","fragment_82.0275","82.025","82.03","0.150"
"motif_254","fragment_77.0375","77.035","77.04","0.147"
"motif_85","loss_44.9975","44.995","45.0","0.147"
"motif_102","fragment_66.0325","66.03","66.035","0.145"
"motif_52","loss_27.0225","27.02","27.025","0.145"
"motif_288","fragment_119.0475","119.045","119.05","0.143"
"motif_100","loss_175.0525","175.05","175.055","0.143"
"motif_77","fragment_187.0875","187.085","187.09","0.141"
"motif_159","loss_46.0275","46.025","46.03","0.141"
"motif_202","fragment_122.0625","122.06","122.065","0.138"
"motif_198","loss_87.0475","87.045","87.05","0.138"
"motif_297","fragment_170.0725","170.07","170.075","0.137"
"motif_39","loss_58.0275","58.025","58.03","0.137"
"motif_210","fragment_83.0875","83.085","83.09","0.135"
"motif_121","loss_55.0575","55.055","55.06","0.135"
"motif_214","fragment_173.0725","173.07","173.075","0.134"
"motif_165","fragment_72.0825","72.08","72.085","0.134"
"motif_143","loss_41.0375","41.035","41.04","0.133"
"motif_123","loss_102.0325","102.03","102.035","0.132"
"motif_0","loss_93.0325","93.03","93.035","0.132"
"motif_287","fragment_96.0825","96.08","96.085","0.131"
"motif_107","fragment_97.0775","97.075","97.08","0.131"
"motif_126","loss_105.0325","105.03","105.035","0.131"
"motif_109","loss_195.0575","195.055","195.06","0.131"
"motif_39","loss_41.0025","41.0","41.005","0.130"
"motif_275","fragment_159.0575","159.055","159.06","0.129"
"motif_180","fragment_190.0425","190.04","190.045","0.129"
"motif_51","loss_163.0525","163.05","163.055","0.129"
"motif_129","loss_181.0425","181.04","181.045","0.127"
"motif_172","loss_64.0025","64.0","64.005","0.127"
"motif_216","loss_71.0125","71.01","71.015","0.127"
"motif_216","loss_61.0275","61.025","61.03","0.126"
"motif_52","fragment_47.0475","47.045","47.05","0.124"
"motif_231","fragment_79.0175","79.015","79.02","0.123"
"motif_148","loss_68.9975","68.995","69.0","0.123"
"motif_114","fragment_132.0575","132.055","132.06","0.121"
"motif_247","loss_45.9925","45.99","45.995","0.119"
"motif_92","fragment_49.0075","49.005","49.01","0.117"
"motif_53","loss_32.9825","32.98","32.985","0.116"
"motif_186","fragment_135.0425","135.04","135.045","0.115"
"motif_17","fragment_147.0575","147.055","147.06","0.115"
"motif_250","loss_45.0325","45.03","45.035","0.115"
"motif_225","fragment_82.0675","82.065","82.07","0.112"
"motif_8","loss_98.0625","98.06","98.065","0.112"
"motif_22","loss_44.0525","44.05","44.055","0.111"
"motif_116","loss_70.0275","70.025","70.03","0.111"
"motif_157","fragment_71.9925","71.99","71.995","0.110"
"motif_175","fragment_171.0575","171.055","171.06","0.109"
"motif_74","fragment_169.0775","169.075","169.08","0.108"
"motif_23","fragment_128.0475","128.045","128.05","0.107"
"motif_131","fragment_107.0625","107.06","107.065","0.106"
"motif_66","fragment_158.0625","158.06","158.065","0.106"
"motif_29","fragment_181.0775","181.075","181.08","0.106"
"motif_279","loss_134.0625","134.06","134.065","0.106"
"motif_121","loss_43.0575","43.055","43.06","0.106"
"motif_61","fragment_55.0275","55.025","55.03","0.105"
"motif_10","fragment_86.0625","86.06","86.065","0.105"
"motif_121","loss_57.0725","57.07","57.075","0.105"
"motif_286","loss_146.0625","146.06","146.065","0.104"
"motif_180","loss_176.0725","176.07","176.075","0.103"
"motif_117","loss_180.0675","180.065","180.07","0.103"
"motif_33","loss_55.0175","55.015","55.02","0.102"
"motif_133","fragment_109.0775","109.075","109.08","0.101"
"motif_185","fragment_122.0425","122.04","122.045","0.101"
"motif_28","fragment_136.0225","136.02","136.025","0.101"
"motif_225","fragment_97.0775","97.075","97.08","0.101"
"motif_85","loss_17.0025","17.0","17.005","0.101"
"motif_182","loss_32.9825","32.98","32.985","0.100"
"motif_222","fragment_95.0875","95.085","95.09","0.099"
"motif_187","loss_26.0025","26.0","26.005","0.099"
"motif_143","loss_43.0575","43.055","43.06","0.099"
"motif_95","fragment_106.0275","106.025","106.03","0.098"
"motif_254","fragment_49.0075","49.005","49.01","0.098"
"motif_47","fragment_49.0075","49.005","49.01","0.098"
"motif_290","loss_17.0025","17.0","17.005","0.098"
"motif_33","loss_59.0525","59.05","59.055","0.098"
"motif_245","fragment_82.0675","82.065","82.07","0.097"
"motif_159","loss_17.0025","17.0","17.005","0.097"
"motif_60","fragment_133.1025","133.1","133.105","0.096"
"motif_257","loss_179.0825","179.08","179.085","0.095"
"motif_96","fragment_133.0775","133.075","133.08","0.094"
"motif_158","fragment_59.0125","59.01","59.015","0.093"
"motif_197","fragment_132.0425","132.04","132.045","0.092"
"motif_229","fragment_183.0925","183.09","183.095","0.092"
"motif_133","fragment_94.0675","94.065","94.07","0.092"
"motif_288","fragment_117.0325","117.03","117.035","0.091"
"motif_261","loss_84.0475","84.045","84.05","0.091"
"motif_290","loss_87.0075","87.005","87.01","0.091"
"motif_45","loss_162.0675","162.065","162.07","0.090"
"motif_262","loss_17.0025","17.0","17.005","0.090"
"motif_126","fragment_79.0525","79.05","79.055","0.089"
"motif_287","fragment_98.0975","98.095","98.1","0.089"
"motif_64","loss_179.0475","179.045","179.05","0.089"
"motif_10","fragment_88.0775","88.075","88.08","0.088"
"motif_64","loss_193.0625","193.06","193.065","0.088"
"motif_239","fragment_73.0275","73.025","73.03","0.087"
"motif_258","fragment_46.0675","46.065","46.07","0.086"
"motif_51","loss_165.0675","165.065","165.07","0.086"
"motif_32","loss_34.9675","34.965","34.97","0.086"
"motif_184","loss_96.0475","96.045","96.05","0.086"
"motif_225","fragment_111.0925","111.09","111.095","0.085"
"motif_113","fragment_147.0675","147.065","147.07","0.085"
"motif_281","fragment_79.0275","79.025","79.03","0.085"
"motif_224","loss_83.0525","83.05","83.055","0.085"
"motif_291","fragment_174.1025","174.1","174.105","0.084"
"motif_16","fragment_42.0325","42.03","42.035","0.084"
"motif_27","fragment_77.0375","77.035","77.04","0.083"
"motif_139","fragment_83.0875","83.085","83.09","0.083"
"motif_257","loss_165.0675","165.065","165.07","0.083"
"motif_163","fragment_125.0175","125.015","125.02","0.082"
"motif_250","loss_17.0025","17.0","17.005","0.082"
"motif_245","loss_179.0025","179.0","179.005","0.081"
"motif_121","loss_41.0375","41.035","41.04","0.081"
"motif_269","fragment_185.0725","185.07","185.075","0.080"
"motif_49","loss_132.0575","132.055","132.06","0.080"
"motif_169","loss_69.9925","69.99","69.995","0.080"
"motif_213","fragment_95.0125","95.01","95.015","0.079"
"motif_230","loss_123.0475","123.045","123.05","0.078"
"motif_52","loss_73.0275","73.025","73.03","0.078"
"motif_169","loss_74.0225","74.02","74.025","0.078"
"motif_10","loss_86.0625","86.06","86.065","0.078"
"motif_113","fragment_104.0475","104.045","104.05","0.077"
"motif_107","loss_145.0425","145.04","145.045","0.077"
"motif_216","loss_73.0275","73.025","73.03","0.077"
"motif_31","fragment_109.0425","109.04","109.045","0.076"
"motif_266","fragment_251.1525","251.15","251.155","0.076"
"motif_126","fragment_109.0625","109.06","109.065","0.074"
"motif_206","fragment_159.0425","159.04","159.045","0.074"
"motif_80","fragment_108.0825","108.08","108.085","0.073"
"motif_135","fragment_133.1025","133.1","133.105","0.073"
"motif_192","fragment_147.0925","147.09","147.095","0.073"
"motif_177","fragment_26.0025","26.0","26.005","0.073"
"motif_26","fragment_79.0525","79.05","79.055","0.073"
"motif_154","loss_156.0125","156.01","156.015","0.073"
"motif_39","fragment_41.0025","41.0","41.005","0.072"
"motif_293","loss_120.0475","120.045","120.05","0.072"
"motif_172","loss_45.9925","45.99","45.995","0.072"
"motif_295","fragment_312.0975","312.095","312.1","0.071"
"motif_239","fragment_45.0325","45.03","45.035","0.071"
"motif_93","fragment_128.0475","128.045","128.05","0.070"
"motif_186","loss_133.0275","133.025","133.03","0.070"
"motif_85","loss_60.0075","60.005","60.01","0.070"
"motif_68","fragment_152.1425","152.14","152.145","0.069"
"motif_76","fragment_162.0525","162.05","162.055","0.069"
"motif_261","fragment_43.0525","43.05","43.055","0.069"
"motif_261","fragment_60.0825","60.08","60.085","0.069"
"motif_293","loss_149.0725","149.07","149.075","0.069"
"motif_64","loss_191.0475","191.045","191.05","0.069"
"motif_139","fragment_100.1125","100.11","100.115","0.068"
"motif_27","fragment_105.0325","105.03","105.035","0.068"
"motif_110","fragment_119.0875","119.085","119.09","0.068"
"motif_192","fragment_145.0775","145.075","145.08","0.068"
"motif_126","fragment_15.0225","15.02","15.025","0.068"
"motif_290","fragment_18.9975","18.995","19.0","0.068"
"motif_11","fragment_194.0975","194.095","194.1","0.068"
"motif_266","fragment_280.1825","280.18","280.185","0.068"
"motif_197","fragment_134.0625","134.06","134.065","0.067"
"motif_210","fragment_81.0675","81.065","81.07","0.067"
"motif_205","loss_160.0775","160.075","160.08","0.067"
"motif_239","loss_71.0125","71.01","71.015","0.067"
"motif_225","fragment_94.0675","94.065","94.07","0.066"
"motif_299","fragment_99.0575","99.055","99.06","0.066"
"motif_129","loss_169.0425","169.04","169.045","0.066"
"motif_207","loss_84.0225","84.02","84.025","0.066"
"motif_192","fragment_120.0825","120.08","120.085","0.065"
"motif_147","fragment_15.0225","15.02","15.025","0.065"
"motif_155","fragment_222.1025","222.1","222.105","0.065"
"motif_185","fragment_246.1025","246.1","246.105","0.065"
"motif_129","loss_163.0325","163.03","163.035","0.065"
"motif_188","loss_75.0025","75.0","75.005","0.065"
"motif_160","loss_88.0425","88.04","88.045","0.065"
"motif_96","fragment_129.0425","129.04","129.045","0.064"
"motif_157","fragment_142.0675","142.065","142.07","0.064"
"motif_252","fragment_146.0975","146.095","146.1","0.064"
"motif_38","fragment_292.1425","292.14","292.145","0.064"
"motif_290","fragment_68.9925","68.99","68.995","0.064"
"motif_118","fragment_69.0425","69.04","69.045","0.064"
"motif_36","fragment_83.0875","83.085","83.09","0.064"
"motif_139","fragment_98.0975","98.095","98.1","0.064"
"motif_279","loss_132.0475","132.045","132.05","0.064"
"motif_51","loss_151.0525","151.05","151.055","0.064"
"motif_65","fragment_170.0625","170.06","170.065","0.063"
"motif_201","fragment_281.1625","281.16","281.165","0.063"
"motif_248","fragment_91.0525","91.05","91.055","0.063"
"motif_238","fragment_110.9875","110.985","110.99","0.062"
"motif_257","fragment_159.0575","159.055","159.06","0.062"
"motif_122","fragment_199.0875","199.085","199.09","0.062"
"motif_77","fragment_212.1175","212.115","212.12","0.062"
"motif_143","fragment_45.0675","45.065","45.07","0.062"
"motif_58","fragment_86.0975","86.095","86.1","0.062"
"motif_136","fragment_132.0425","132.04","132.045","0.061"
"motif_293","fragment_94.0675","94.065","94.07","0.061"
"motif_159","loss_41.9975","41.995","42.0","0.061"
"motif_213","loss_92.9975","92.995","93.0","0.061"
"motif_136","fragment_107.0475","107.045","107.05","0.060"
"motif_25","fragment_117.0675","117.065","117.07","0.060"
"motif_106","loss_17.0025","17.0","17.005","0.060"
"motif_39","loss_17.0025","17.0","17.005","0.060"
"motif_109","loss_183.0575","183.055","183.06","0.060"
"motif_186","fragment_107.0475","107.045","107.05","0.059"
"motif_185","fragment_109.0425","109.04","109.045","0.059"
"motif_225","fragment_109.0775","109.075","109.08","0.059"
"motif_229","fragment_185.1075","185.105","185.11","0.059"
"motif_100","fragment_258.1225","258.12","258.125","0.059"
"motif_166","fragment_269.1425","269.14","269.145","0.059"
"motif_1","fragment_68.0125","68.01","68.015","0.059"
"motif_185","loss_163.0325","163.03","163.035","0.059"
"motif_257","loss_17.0025","17.0","17.005","0.059"
"motif_51","loss_17.0025","17.0","17.005","0.059"
"motif_117","loss_182.0825","182.08","182.085","0.059"
"motif_250","loss_41.0025","41.0","41.005","0.059"
"motif_116","loss_72.0475","72.045","72.05","0.059"
"motif_40","fragment_101.0375","101.035","101.04","0.058"
"motif_211","fragment_155.0625","155.06","155.065","0.058"
"motif_298","fragment_158.0725","158.07","158.075","0.058"
"motif_2","fragment_202.0425","202.04","202.045","0.058"
"motif_180","fragment_204.0575","204.055","204.06","0.058"
"motif_266","fragment_253.1675","253.165","253.17","0.058"
"motif_166","fragment_298.1725","298.17","298.175","0.058"
"motif_295","fragment_82.0675","82.065","82.07","0.058"
"motif_290","loss_103.0025","103.0","103.005","0.058"
"motif_76","fragment_122.0975","122.095","122.1","0.057"
"motif_78","fragment_137.0575","137.055","137.06","0.057"
"motif_240","fragment_186.0675","186.065","186.07","0.057"
"motif_197","fragment_204.0225","204.02","204.025","0.057"
"motif_107","fragment_245.1375","245.135","245.14","0.057"
"motif_78","fragment_311.1775","311.175","311.18","0.057"
"motif_56","fragment_71.0875","71.085","71.09","0.057"
"motif_99","loss_175.0625","175.06","175.065","0.057"
"motif_187","loss_45.0475","45.045","45.05","0.057"
"motif_229","fragment_171.0925","171.09","171.095","0.056"
"motif_269","fragment_187.0325","187.03","187.035","0.056"
"motif_290","fragment_188.0325","188.03","188.035","0.056"
"motif_273","fragment_201.0825","201.08","201.085","0.056"
"motif_215","fragment_203.1175","203.115","203.12","0.056"
"motif_265","fragment_251.0775","251.075","251.08","0.056"
"motif_294","fragment_44.9775","44.975","44.98","0.056"
"motif_196","fragment_83.0875","83.085","83.09","0.056"
"motif_228","fragment_94.0275","94.025","94.03","0.056"
"motif_27","fragment_95.0475","95.045","95.05","0.056"
"motif_257","loss_159.0575","159.055","159.06","0.056"
"motif_186","loss_162.0575","162.055","162.06","0.056"
"motif_64","loss_17.0025","17.0","17.005","0.056"
"motif_64","loss_181.0625","181.06","181.065","0.056"
"motif_159","loss_58.0275","58.025","58.03","0.056"
"motif_224","loss_71.0525","71.05","71.055","0.056"
"motif_116","loss_87.0575","87.055","87.06","0.056"
"motif_223","fragment_113.0175","113.015","113.02","0.055"
"motif_248","fragment_116.0475","116.045","116.05","0.055"
"motif_264","fragment_128.0275","128.025","128.03","0.055"
"motif_16","fragment_15.0225","15.02","15.025","0.055"
"motif_264","fragment_154.0075","154.005","154.01","0.055"
"motif_29","fragment_207.0925","207.09","207.095","0.055"
"motif_145","fragment_66.0325","66.03","66.035","0.055"
"motif_24","fragment_84.0825","84.08","84.085","0.055"
"motif_187","loss_41.0125","41.01","41.015","0.055"
"motif_182","loss_42.9625","42.96","42.965","0.055"
"motif_46","loss_56.0125","56.01","56.015","0.055"
"motif_276","fragment_109.0425","109.04","109.045","0.054"
"motif_136","fragment_134.0625","134.06","134.065","0.054"
"motif_107","fragment_228.1125","228.11","228.115","0.054"
"motif_69","fragment_85.0125","85.01","85.015","0.054"
"motif_216","loss_17.0025","17.0","17.005","0.054"
"motif_159","loss_59.0275","59.025","59.03","0.054"
"motif_218","fragment_116.0475","116.045","116.05","0.053"
"motif_136","fragment_121.0625","121.06","121.065","0.053"
"motif_286","fragment_148.0775","148.075","148.08","0.053"
"motif_145","fragment_159.0925","159.09","159.095","0.053"
"motif_164","fragment_261.0025","261.0","261.005","0.053"
"motif_245","fragment_262.0725","262.07","262.075","0.053"
"motif_284","fragment_294.1975","294.195","294.2","0.053"
"motif_217","fragment_53.9975","53.995","54.0","0.053"
"motif_148","fragment_68.9925","68.99","68.995","0.053"
"motif_279","fragment_79.0525","79.05","79.055","0.053"
"motif_275","loss_145.0425","145.04","145.045","0.053"
"motif_53","loss_42.9625","42.96","42.965","0.053"
"motif_72","loss_45.0075","45.005","45.01","0.053"
"motif_216","loss_85.0275","85.025","85.03","0.053"
"motif_136","fragment_104.0475","104.045","104.05","0.052"
"motif_37","fragment_112.0225","112.02","112.025","0.052"
"motif_284","fragment_120.0825","120.08","120.085","0.052"
"motif_109","fragment_121.0425","121.04","121.045","0.052"
"motif_200","fragment_155.0175","155.015","155.02","0.052"
"motif_180","fragment_192.0575","192.055","192.06","0.052"
"motif_168","fragment_49.0075","49.005","49.01","0.052"
"motif_121","fragment_59.0875","59.085","59.09","0.052"
"motif_281","fragment_66.0325","66.03","66.035","0.052"
"motif_276","fragment_69.0125","69.01","69.015","0.052"
"motif_276","fragment_81.0125","81.01","81.015","0.052"
"motif_209","fragment_82.0675","82.065","82.07","0.052"
"motif_100","fragment_84.0825","84.08","84.085","0.052"
"motif_210","fragment_85.1025","85.1","85.105","0.052"
"motif_225","fragment_95.0625","95.06","95.065","0.052"
"motif_154","loss_153.9975","153.995","154.0","0.052"
"motif_172","loss_196.0375","196.035","196.04","0.052"
"motif_56","loss_44.9975","44.995","45.0","0.052"
"motif_165","loss_70.0675","70.065","70.07","0.052"
"motif_248","fragment_118.0675","118.065","118.07","0.051"
"motif_61","fragment_26.0025","26.0","26.005","0.051"
"motif_161","fragment_65.0375","65.035","65.04","0.051"
"motif_139","fragment_71.0875","71.085","71.09","0.051"
"motif_16","fragment_83.0625","83.06","83.065","0.051"
"motif_295","fragment_99.0925","99.09","99.095","0.051"
"motif_18","loss_101.0375","101.035","101.04","0.051"
"motif_184","loss_112.0775","112.075","112.08","0.051"
"motif_172","loss_17.0025","17.0","17.005","0.051"
"motif_46","loss_53.9975","53.995","54.0","0.051"
"motif_26","loss_79.0575","79.055","79.06","0.051"
"motif_58","loss_84.0825","84.08","84.085","0.051"
"motif_109","fragment_109.0425","109.04","109.045","0.050"
"motif_293","fragment_187.0875","187.085","187.09","0.050"
"motif_273","fragment_189.0825","189.08","189.085","0.050"
"motif_166","fragment_278.1675","278.165","278.17","0.050"
"motif_260","fragment_76.0175","76.015","76.02","0.050"
"motif_202","loss_148.0425","148.04","148.045","0.050"
"motif_109","loss_17.0025","17.0","17.005","0.050"
"motif_187","loss_28.0175","28.015","28.02","0.050"